id_usuario;nome;sobrenome;id_contato;telefone_contato
1;Joana;Emily;1;"(61) 99358-7845"
2;Debora;Antonia;2;"(61) 99358-7996"
3;Paulo;Henrique;3;"(61) 99058-5555"
4;Alessandra;Lara;4;"(61) 99358-7788"
5;Samuel;Tiago;5;"(61) 99338-7901"
6;Nathan;Ria;6;"(61) 99456-7996"
7;Pietra;Jaqueline;7;"(61) 99558-7996"
8;Marcelo;Joaquim;8;"(61) 99358-0000"
9;Andreia;Isis;9;"(61) 99333-0001"
10;Bruna;Sarha;10;"(61) 99444-0052"
11;Eloa;Antonella;11;"(61) 98821-2323"
12;Lucca;Kaue;12;"(61) 98758-2222"
13;Giovani;Tiago;13;"(61) 99358-7777"
14;Leandro;Joao;14;"(61) 99358-8888"
15;Hadassa;Elisa;15;"(61) 99038-6996"
16;Catarina;Mariane;16;"(61) 98868-7996"
17;Francisca;Rafaela;17;"(61) 99668-7996"
18;Cezar;Raul;18;"(61) 98700-7876"
19;Augusto;Joao;19;"(61) 99998-7996"
20;Raimunda;Gabriela;20;"(61) 98888-7997"
21;Sophia;Isabelly;21;"(61) 98858-7991"
22;Sara;Evelin;22;"(61) 99999-7998"
23;Leandro;Fabio;23;"(61) 99888-7900"
24;Allana;Raimunda;24;"(61) 99558-6666"
25;Lara;Aparecida;25;"(61) 99358-7778"
26;Osvaldo;Felipe;26;"(61) 99300-6666"
27;Kamily;Isabeli;27;"(61) 99358-7996"
28;Joao;Benjamin;28;"(61) 88358-7666"
29;Antonia;Juliana;29;"(61) 99758-7995"
30;Alexandre;Caua;30;"(61) 98558-7996"
